"Title","Slug","Zona","Excerpt","Titulo de SEO","Metadescripción","URL de whatsapp","Ver página","ID","Created Date","Updated Date","Owner"
"Tapicería de salas en Merida","tapiceria-de-salas-en-merida","Merida","Transformamos tu sala con diseño, materiales de calidad y asesoría profesional para renovar tu espacio con estilo y armonía en Sonora.","Tapicería de Salas en Merida | Tapicero a Domicilio CDMX","¿Buscas tapicería de salas en Merida? En Velvet Tapicería ofrecemos tapizado de salas, tapicería de muebles y tapicero a domicilio en CDMX y Estado de México.","https://wa.me/525568578613?text=SW2-%20Hola%2C%20quiero%20m%C3%A1s%20informaci%C3%B3n%20sobre%20tapicer%C3%ADa%20de%20salas%20en%20Huixquilucan%2C%20%C2%BFme%20pueden%20compartir%20informaci%C3%B3n%20y%20cotizaci%C3%B3n%3F","https://www.tapiceriavelvet.com/tapiceria-de-salas-en-azcapotzalco","0776b2ce-dce2-461b-b6a5-c074a28bfe73",2026-04-09T03:03:58Z,2026-04-15T20:14:03Z,"69fcc116-239a-4a02-9d94-8cc5b6914ded"
"Tapicería de salas en Santa Fe","tapiceria-de-salas-en-santa-fe","Santa Fe","Transformamos tu sala con tapicería en Santa Fe, materiales de calidad y asesoría profesional para renovar tu espacio con estilo y armonía.","Tapicería de Salas en Santa Fe | Tapicero a Domicilio | Tapicería Velvet","Descubre la mejor tapicería de salas en Santa Fe. Tapizado de salas, tapicería de muebles y tapicero a domicilio en CDMX y Estado de México.","https://wa.me/525568578613?text=SW-%20Hola%2C%20quiero%20m%C3%A1s%20informaci%C3%B3n%20sobre%20tapicer%C3%ADa%20de%20salas%20en%20Santa%20Fe%2C%20%C2%BFme%20pueden%20compartir%20informaci%C3%B3n%20y%20cotizaci%C3%B3n%3F","https://www.tapiceriavelvet.com/tapiceria-de-salas-en-del-valle","149199e6-269a-40f1-b862-e8bae3b44902",2026-04-15T20:06:20Z,2026-04-15T20:14:03Z,"45119e62-fb47-42df-8e3f-62a36597ee45"
"Tapicería de salas en Gustavo A. Madero","tapiceria-de-salas-en-gustavo-a-madero","Gustavo A. Madero","Transformamos tu sala con tapicería en Gustavo A. Madero, materiales de calidad y asesoría profesional para renovar tu espacio con estilo y armonía.","Tapicería de Salas en Gustavo A. Madero | Tapicero a Domicilio | Tapicería Velvet","Descubre la mejor tapicería de salas en Gustavo A. Madero. Tapizado de salas, tapicería de muebles y tapicero a domicilio en CDMX y Estado de México.","https://wa.me/525568578613?text=SW-%20Hola%2C%20quiero%20m%C3%A1s%20informaci%C3%B3n%20sobre%20tapicer%C3%ADa%20de%20salas%20en%20Gustavo%20A.%20Madero%2C%20%C2%BFme%20pueden%20compartir%20informaci%C3%B3n%20y%20cotizaci%C3%B3n%3F","https://www.tapiceriavelvet.com/tapiceria-de-salas-en-magdalena-contreras","158ae7ba-0878-48a0-832d-ba66ab5c4cf3",2026-04-15T20:06:20Z,2026-04-15T20:14:03Z,"45119e62-fb47-42df-8e3f-62a36597ee45"
"Tapicería de salas en Tláhuac","tapiceria-de-salas-en-tlahuac","Tláhuac","Transformamos tu sala con tapicería en Tláhuac, materiales de calidad y asesoría profesional para renovar tu espacio con estilo y armonía.","Tapicería de Salas en Tláhuac | Tapicero a Domicilio | Tapicería Velvet","Descubre la mejor tapicería de salas en Tláhuac. Tapizado de salas, tapicería de muebles y tapicero a domicilio en CDMX y Estado de México.","https://wa.me/525568578613?text=SW-%20Hola%2C%20quiero%20m%C3%A1s%20informaci%C3%B3n%20sobre%20tapicer%C3%ADa%20de%20salas%20en%20Tl%C3%A1huac%2C%20%C2%BFme%20pueden%20compartir%20informaci%C3%B3n%20y%20cotizaci%C3%B3n%3F","https://www.tapiceriavelvet.com/tapiceria-de-salas-en-xochimilco","1736c355-3a28-43ef-b702-a4a44268c2a0",2026-04-15T20:06:20Z,2026-04-15T20:14:03Z,"45119e62-fb47-42df-8e3f-62a36597ee45"
"Tapicería de salas en Valle Dorado","tapiceria-de-salas-en-valle-dorado","Valle Dorado","Transformamos tu sala con tapicería en Valle Dorado, materiales de calidad y asesoría profesional para renovar tu espacio con estilo y armonía.","Tapicería de Salas en Valle Dorado | Tapicero a Domicilio | Tapicería Velvet","Descubre la mejor tapicería de salas en Valle Dorado. Tapizado de salas, tapicería de muebles y tapicero a domicilio en CDMX y Estado de México.","https://wa.me/525568578613?text=SW-%20Hola%2C%20quiero%20m%C3%A1s%20informaci%C3%B3n%20sobre%20tapicer%C3%ADa%20de%20salas%20en%20Valle%20Dorado%2C%20%C2%BFme%20pueden%20compartir%20informaci%C3%B3n%20y%20cotizaci%C3%B3n%3F","https://www.tapiceriavelvet.com/tapiceria-de-salas-en-club-de-golf-hacienda","173f7f76-a3d4-4809-99d4-02a56ef64d44",2026-04-15T20:06:20Z,2026-04-15T20:14:03Z,"45119e62-fb47-42df-8e3f-62a36597ee45"
"Tapicería de salas en Lomas de Chapultepec","tapiceria-de-salas-en-lomas-de-chapultepec","Lomas de Chapultepec","Transformamos tu sala con tapicería en Lomas de Chapultepec, materiales de calidad y asesoría profesional para renovar tu espacio con estilo y armonía.","Tapicería de Salas en Lomas de Chapultepec | Tapicero a Domicilio | Tapicería Velvet","Descubre la mejor tapicería de salas en Lomas de Chapultepec. Tapizado de salas, tapicería de muebles y tapicero a domicilio en CDMX y Estado de México.","https://wa.me/525568578613?text=SW-%20Hola%2C%20quiero%20m%C3%A1s%20informaci%C3%B3n%20sobre%20tapicer%C3%ADa%20de%20salas%20en%20Lomas%20de%20Chapultepec%2C%20%C2%BFme%20pueden%20compartir%20informaci%C3%B3n%20y%20cotizaci%C3%B3n%3F","https://www.tapiceriavelvet.com/tapiceria-de-salas-en-narvarte","1bcf5058-4d07-48d1-a3c4-a4ddcad74bed",2026-04-15T20:06:20Z,2026-04-15T20:14:03Z,"45119e62-fb47-42df-8e3f-62a36597ee45"
"Tapicería de salas en Miguel Hidalgo","tapiceria-de-salas-en-miguel-hidalgo","Miguel Hidalgo","Transformamos tu sala con tapicería en Miguel Hidalgo, materiales de calidad y asesoría profesional para renovar tu espacio con estilo y armonía.","Tapicería de Salas en Miguel Hidalgo | Tapicero a Domicilio | Tapicería Velvet","Descubre la mejor tapicería de salas en Miguel Hidalgo. Tapizado de salas, tapicería de muebles y tapicero a domicilio en CDMX y Estado de México.","https://wa.me/525568578613?text=SW-%20Hola%2C%20quiero%20m%C3%A1s%20informaci%C3%B3n%20sobre%20tapicer%C3%ADa%20de%20salas%20en%20Miguel%20Hidalgo%2C%20%C2%BFme%20pueden%20compartir%20informaci%C3%B3n%20y%20cotizaci%C3%B3n%3F","https://www.tapiceriavelvet.com/tapiceria-de-salas-en-tlalpan","1c273c5f-f567-429e-8c1e-de9a95f43adb",2026-04-15T20:06:20Z,2026-04-15T20:14:03Z,"45119e62-fb47-42df-8e3f-62a36597ee45"
"Tapicería de salas en Mayorazgos","tapiceria-de-salas-en-mayorazgos","Mayorazgos","Transformamos tu sala con tapicería en Mayorazgos, materiales de calidad y asesoría profesional para renovar tu espacio con estilo y armonía.","Tapicería de Salas en Mayorazgos | Tapicero a Domicilio | Tapicería Velvet","Descubre la mejor tapicería de salas en Mayorazgos. Tapizado de salas, tapicería de muebles y tapicero a domicilio en CDMX y Estado de México.","https://wa.me/525568578613?text=SW-%20Hola%2C%20quiero%20m%C3%A1s%20informaci%C3%B3n%20sobre%20tapicer%C3%ADa%20de%20salas%20en%20Mayorazgos%2C%20%C2%BFme%20pueden%20compartir%20informaci%C3%B3n%20y%20cotizaci%C3%B3n%3F",,"2457d395-11f0-415c-b1c6-f9a4749b5de1",2026-04-15T20:06:20Z,2026-04-15T20:12:06Z,"45119e62-fb47-42df-8e3f-62a36597ee45"
"Tapicería de salas en Jardines del Pedregal","tapiceria-de-salas-en-jardines-del-pedregal","Jardines del Pedregal","Transformamos tu sala con tapicería en Jardines del Pedregal, materiales de calidad y asesoría profesional para renovar tu espacio con estilo y armonía.","Tapicería de Salas en Jardines del Pedregal | Tapicero a Domicilio | Tapicería Velvet","Descubre la mejor tapicería de salas en Jardines del Pedregal. Tapizado de salas, tapicería de muebles y tapicero a domicilio en CDMX y Estado de México.","https://wa.me/525568578613?text=SW-%20Hola%2C%20quiero%20m%C3%A1s%20informaci%C3%B3n%20sobre%20tapicer%C3%ADa%20de%20salas%20en%20Jardines%20del%20Pedregal%2C%20%C2%BFme%20pueden%20compartir%20informaci%C3%B3n%20y%20cotizaci%C3%B3n%3F","https://www.tapiceriavelvet.com/tapiceria-de-salas-en-atizapan-de-zaragoza","2aa3efc9-74cf-4254-bf18-7c3ad6881e70",2026-04-15T20:06:20Z,2026-04-15T20:14:03Z,"45119e62-fb47-42df-8e3f-62a36597ee45"
"Tapicería de salas en Cuautitlán","tapiceria-de-salas-en-cuautitlan","Cuautitlán","Transformamos tu sala con tapicería en Cuautitlán, materiales de calidad y asesoría profesional para renovar tu espacio con estilo y armonía.","Tapicería de Salas en Cuautitlán | Tapicero a Domicilio | Tapicería Velvet","Descubre la mejor tapicería de salas en Cuautitlán. Tapizado de salas, tapicería de muebles y tapicero a domicilio en CDMX y Estado de México.","https://wa.me/525568578613?text=SW-%20Hola%2C%20quiero%20m%C3%A1s%20informaci%C3%B3n%20sobre%20tapicer%C3%ADa%20de%20salas%20en%20Cuautitl%C3%A1n%2C%20%C2%BFme%20pueden%20compartir%20informaci%C3%B3n%20y%20cotizaci%C3%B3n%3F","https://www.tapiceriavelvet.com/tapiceria-de-salas-en-isidro-fabela","31358596-373a-40c6-8b08-0a5b677639e6",2026-04-15T20:06:20Z,2026-04-15T20:14:03Z,"45119e62-fb47-42df-8e3f-62a36597ee45"
"Tapicería de salas en Ciudad Satélite","tapiceria-de-salas-en-ciudad-satelite","Ciudad Satélite","Transformamos tu sala con tapicería en Ciudad Satélite, materiales de calidad y asesoría profesional para renovar tu espacio con estilo y armonía.","Tapicería de Salas en Ciudad Satélite | Tapicero a Domicilio | Tapicería Velvet","Descubre la mejor tapicería de salas en Ciudad Satélite. Tapizado de salas, tapicería de muebles y tapicero a domicilio en CDMX y Estado de México.","https://wa.me/525568578613?text=SW-%20Hola%2C%20quiero%20m%C3%A1s%20informaci%C3%B3n%20sobre%20tapicer%C3%ADa%20de%20salas%20en%20Ciudad%20Sat%C3%A9lite%2C%20%C2%BFme%20pueden%20compartir%20informaci%C3%B3n%20y%20cotizaci%C3%B3n%3F","https://www.tapiceriavelvet.com/tapiceria-de-salas-en-tecamachalco","33032a50-dbcf-4950-8f6c-1465a6cc5639",2026-04-15T20:06:20Z,2026-04-15T20:14:03Z,"45119e62-fb47-42df-8e3f-62a36597ee45"
"Tapicería de salas en Atizapán de Zaragoza","tapiceria-de-salas-en-atizapan-de-zaragoza","Atizapán de Zaragoza","Transformamos tu sala con tapicería en Atizapán de Zaragoza, materiales de calidad y asesoría profesional para renovar tu espacio con estilo y armonía.","Tapicería de Salas en Atizapán de Zaragoza | Tapicero a Domicilio | Tapicería Velvet","Descubre la mejor tapicería de salas en Atizapán de Zaragoza. Tapizado de salas, tapicería de muebles y tapicero a domicilio en CDMX y Estado de México.","https://wa.me/525568578613?text=SW-%20Hola%2C%20quiero%20m%C3%A1s%20informaci%C3%B3n%20sobre%20tapicer%C3%ADa%20de%20salas%20en%20Atizap%C3%A1n%20de%20Zaragoza%2C%20%C2%BFme%20pueden%20compartir%20informaci%C3%B3n%20y%20cotizaci%C3%B3n%3F","https://www.tapiceriavelvet.com/tapiceria-de-salas-en-cuautitlan","38034dd3-cdff-4fab-96ef-13d66d9be3dd",2026-04-15T20:06:20Z,2026-04-15T20:14:03Z,"45119e62-fb47-42df-8e3f-62a36597ee45"
"Tapicería de salas en Roma Norte","tapiceria-de-salas-en-roma-norte","Roma Norte","Transformamos tu sala con tapicería en Roma Norte, materiales de calidad y asesoría profesional para renovar tu espacio con estilo y armonía.","Tapicería de Salas en Roma Norte | Tapicero a Domicilio | Tapicería Velvet","Descubre la mejor tapicería de salas en Roma Norte. Tapizado de salas, tapicería de muebles y tapicero a domicilio en CDMX y Estado de México.","https://wa.me/525568578613?text=SW-%20Hola%2C%20quiero%20m%C3%A1s%20informaci%C3%B3n%20sobre%20tapicer%C3%ADa%20de%20salas%20en%20Roma%20Norte%2C%20%C2%BFme%20pueden%20compartir%20informaci%C3%B3n%20y%20cotizaci%C3%B3n%3F","https://www.tapiceriavelvet.com/tapiceria-de-salas-en-hipodromo-condesa","3b1db729-dd9d-4982-8502-43b4b3fb37ea",2026-04-15T20:06:20Z,2026-04-15T20:14:03Z,"45119e62-fb47-42df-8e3f-62a36597ee45"
"Tapicería de salas en Tlalpan","tapiceria-de-salas-en-tlalpan","Tlalpan","Transformamos tu sala con tapicería en Tlalpan, materiales de calidad y asesoría profesional para renovar tu espacio con estilo y armonía.","Tapicería de Salas en Tlalpan | Tapicero a Domicilio | Tapicería Velvet","Descubre la mejor tapicería de salas en Tlalpan. Tapizado de salas, tapicería de muebles y tapicero a domicilio en CDMX y Estado de México.","https://wa.me/525568578613?text=SW-%20Hola%2C%20quiero%20m%C3%A1s%20informaci%C3%B3n%20sobre%20tapicer%C3%ADa%20de%20salas%20en%20Tlalpan%2C%20%C2%BFme%20pueden%20compartir%20informaci%C3%B3n%20y%20cotizaci%C3%B3n%3F","https://www.tapiceriavelvet.com/tapiceria-de-salas-en-polanco","43002e17-5505-4ec1-90a2-01d6a0edbae2",2026-04-15T20:06:20Z,2026-04-15T20:14:03Z,"45119e62-fb47-42df-8e3f-62a36597ee45"
"Tapicería de salas en Pedregal","tapiceria-de-salas-en-pedregal","Pedregal","Transformamos tu sala con tapicería en Pedregal, materiales de calidad y asesoría profesional para renovar tu espacio con estilo y armonía.","Tapicería de Salas en Pedregal | Tapicero a Domicilio | Tapicería Velvet","Descubre la mejor tapicería de salas en Pedregal. Tapizado de salas, tapicería de muebles y tapicero a domicilio en CDMX y Estado de México.","https://wa.me/525568578613?text=SW-%20Hola%2C%20quiero%20m%C3%A1s%20informaci%C3%B3n%20sobre%20tapicer%C3%ADa%20de%20salas%20en%20Pedregal%2C%20%C2%BFme%20pueden%20compartir%20informaci%C3%B3n%20y%20cotizaci%C3%B3n%3F","https://www.tapiceriavelvet.com/tapiceria-de-salas-en-naucalpan","4378daf2-a7f1-4216-9b26-e4d3ca2605dc",2026-04-15T20:06:20Z,2026-04-15T20:14:03Z,"45119e62-fb47-42df-8e3f-62a36597ee45"
"Tapicería de salas en Xochimilco","tapiceria-de-salas-en-xochimilco","Xochimilco","Transformamos tu sala con tapicería en Xochimilco, materiales de calidad y asesoría profesional para renovar tu espacio con estilo y armonía.","Tapicería de Salas en Xochimilco | Tapicero a Domicilio | Tapicería Velvet","Descubre la mejor tapicería de salas en Xochimilco. Tapizado de salas, tapicería de muebles y tapicero a domicilio en CDMX y Estado de México.","https://wa.me/525568578613?text=SW-%20Hola%2C%20quiero%20m%C3%A1s%20informaci%C3%B3n%20sobre%20tapicer%C3%ADa%20de%20salas%20en%20Xochimilco%2C%20%C2%BFme%20pueden%20compartir%20informaci%C3%B3n%20y%20cotizaci%C3%B3n%3F","https://www.tapiceriavelvet.com/tapiceria-de-salas-en-roma-sur","4e155cc3-2a12-4b97-acaa-3cf71716c14c",2026-04-15T20:06:20Z,2026-04-15T20:14:03Z,"45119e62-fb47-42df-8e3f-62a36597ee45"
"Tapicería de salas en Condesa","tapiceria-de-salas-en-condesa","Condesa","Transformamos tu sala con tapicería en Condesa, materiales de calidad y asesoría profesional para renovar tu espacio con estilo y armonía.","Tapicería de Salas en Condesa | Tapicero a Domicilio | Tapicería Velvet","Descubre la mejor tapicería de salas en Condesa. Tapizado de salas, tapicería de muebles y tapicero a domicilio en CDMX y Estado de México.","https://wa.me/525568578613?text=SW-%20Hola%2C%20quiero%20m%C3%A1s%20informaci%C3%B3n%20sobre%20tapicer%C3%ADa%20de%20salas%20en%20Condesa%2C%20%C2%BFme%20pueden%20compartir%20informaci%C3%B3n%20y%20cotizaci%C3%B3n%3F","https://www.tapiceriavelvet.com/tapiceria-de-salas-en-santa-fe","4e6bbc6f-664c-4906-8fcc-c39cd3f600be",2026-04-15T20:06:20Z,2026-04-15T20:14:03Z,"45119e62-fb47-42df-8e3f-62a36597ee45"
"Tapicería de salas en Iztacalco","tapiceria-de-salas-en-iztacalco","Iztacalco","Transformamos tu sala con tapicería en Iztacalco, materiales de calidad y asesoría profesional para renovar tu espacio con estilo y armonía.","Tapicería de Salas en Iztacalco | Tapicero a Domicilio | Tapicería Velvet","Descubre la mejor tapicería de salas en Iztacalco. Tapizado de salas, tapicería de muebles y tapicero a domicilio en CDMX y Estado de México.","https://wa.me/525568578613?text=SW-%20Hola%2C%20quiero%20m%C3%A1s%20informaci%C3%B3n%20sobre%20tapicer%C3%ADa%20de%20salas%20en%20Iztacalco%2C%20%C2%BFme%20pueden%20compartir%20informaci%C3%B3n%20y%20cotizaci%C3%B3n%3F","https://www.tapiceriavelvet.com/tapiceria-de-salas-en-miguel-hidalgo","4e7a57dd-c04a-432b-a275-82ef0e13bf4a",2026-04-15T20:06:20Z,2026-04-15T20:14:03Z,"45119e62-fb47-42df-8e3f-62a36597ee45"
"Tapicería de salas en Sonora","tapiceria-de-salas-en-sonora","Sonora","Transformamos tu sala con diseño, materiales de calidad y asesoría profesional para renovar tu espacio con estilo y armonía en Sonora.","Tapicería de Salas en Sonora | Tapicero a Domicilio CDMX","¿Buscas tapicería de salas en Sonora? En Velvet Tapicería ofrecemos tapizado de salas, tapicería de muebles y tapicero a domicilio en CDMX y Estado de México.","https://wa.me/525568578613?text=SW2-%20Hola%2C%20quiero%20m%C3%A1s%20informaci%C3%B3n%20sobre%20tapicer%C3%ADa%20de%20salas%20en%20Huixquilucan%2C%20%C2%BFme%20pueden%20compartir%20informaci%C3%B3n%20y%20cotizaci%C3%B3n%3F","https://www.tapiceriavelvet.com/tapiceria-de-salas-en-alvaro-obregon","4fabe947-735a-4091-b466-482ed5a35bac",2026-04-09T03:23:13Z,2026-04-15T20:14:03Z,"69fcc116-239a-4a02-9d94-8cc5b6914ded"
"Tapicería de salas en Arboledas","tapiceria-de-salas-en-arboledas","Arboledas","Transformamos tu sala con tapicería en Arboledas, materiales de calidad y asesoría profesional para renovar tu espacio con estilo y armonía.","Tapicería de Salas en Arboledas | Tapicero a Domicilio | Tapicería Velvet","Descubre la mejor tapicería de salas en Arboledas. Tapizado de salas, tapicería de muebles y tapicero a domicilio en CDMX y Estado de México.","https://wa.me/525568578613?text=SW-%20Hola%2C%20quiero%20m%C3%A1s%20informaci%C3%B3n%20sobre%20tapicer%C3%ADa%20de%20salas%20en%20Arboledas%2C%20%C2%BFme%20pueden%20compartir%20informaci%C3%B3n%20y%20cotizaci%C3%B3n%3F","https://www.tapiceriavelvet.com/tapiceria-de-salas-en-mayorazgos","5015ae0b-6073-4b6d-92e1-e3cc30ae9511",2026-04-15T20:06:20Z,2026-04-15T20:14:03Z,"45119e62-fb47-42df-8e3f-62a36597ee45"
"Tapicería de salas en Del Valle","tapiceria-de-salas-en-del-valle","Del Valle","Transformamos tu sala con tapicería en Del Valle, materiales de calidad y asesoría profesional para renovar tu espacio con estilo y armonía.","Tapicería de Salas en Del Valle | Tapicero a Domicilio | Tapicería Velvet","Descubre la mejor tapicería de salas en Del Valle. Tapizado de salas, tapicería de muebles y tapicero a domicilio en CDMX y Estado de México.","https://wa.me/525568578613?text=SW-%20Hola%2C%20quiero%20m%C3%A1s%20informaci%C3%B3n%20sobre%20tapicer%C3%ADa%20de%20salas%20en%20Del%20Valle%2C%20%C2%BFme%20pueden%20compartir%20informaci%C3%B3n%20y%20cotizaci%C3%B3n%3F","https://www.tapiceriavelvet.com/tapiceria-de-salas-en-san-angel","521836b0-2cee-436b-9ce9-928e494ded87",2026-04-15T20:06:20Z,2026-04-15T20:14:03Z,"45119e62-fb47-42df-8e3f-62a36597ee45"
"Tapicería de salas en Benito Juárez","tapiceria-de-salas-en-benito-juarez","Benito Juárez","Transformamos tu sala con tapicería en Benito Juárez, materiales de calidad y asesoría profesional para renovar tu espacio con estilo y armonía.","Tapicería de Salas en Benito Juárez | Tapicero a Domicilio | Tapicería Velvet","Descubre la mejor tapicería de salas en Benito Juárez. Tapizado de salas, tapicería de muebles y tapicero a domicilio en CDMX y Estado de México.","https://wa.me/525568578613?text=SW-%20Hola%2C%20quiero%20m%C3%A1s%20informaci%C3%B3n%20sobre%20tapicer%C3%ADa%20de%20salas%20en%20Benito%20Ju%C3%A1rez%2C%20%C2%BFme%20pueden%20compartir%20informaci%C3%B3n%20y%20cotizaci%C3%B3n%3F","https://www.tapiceriavelvet.com/tapiceria-de-salas-en-cuauhtemoc","54346226-5e9b-4178-a2d6-1845efcc97bf",2026-04-15T20:06:20Z,2026-04-15T20:14:03Z,"45119e62-fb47-42df-8e3f-62a36597ee45"
"Tapicería de salas en Cuajimalpa de Morelos","tapiceria-de-salas-en-cuajimalpa","Cuajimalpa de Morelos","Transformamos tu sala con tapicería en Cuajimalpa de Morelos, materiales de calidad y asesoría profesional para renovar tu espacio con estilo y armonía.","Tapicería de Salas en Cuajimalpa de Morelos | Tapicero a Domicilio | Tapicería Velvet","Descubre la mejor tapicería de salas en Cuajimalpa de Morelos. Tapizado de salas, tapicería de muebles y tapicero a domicilio en CDMX y Estado de México.","https://wa.me/525568578613?text=SW-%20Hola%2C%20quiero%20m%C3%A1s%20informaci%C3%B3n%20sobre%20tapicer%C3%ADa%20de%20salas%20en%20Cuajimalpa%20de%20Morelos%2C%20%C2%BFme%20pueden%20compartir%20informaci%C3%B3n%20y%20cotizaci%C3%B3n%3F","https://www.tapiceriavelvet.com/tapiceria-de-salas-en-iztacalco","595ad1fb-5df2-493a-b3c5-1ff3f9805e39",2026-04-15T20:06:20Z,2026-04-15T20:14:03Z,"45119e62-fb47-42df-8e3f-62a36597ee45"
"Tapicería de salas en Nicolás Romero","tapiceria-de-salas-en-nicolas-romero","Nicolás Romero","Transformamos tu sala con tapicería en Nicolás Romero, materiales de calidad y asesoría profesional para renovar tu espacio con estilo y armonía.","Tapicería de Salas en Nicolás Romero | Tapicero a Domicilio | Tapicería Velvet","Descubre la mejor tapicería de salas en Nicolás Romero. Tapizado de salas, tapicería de muebles y tapicero a domicilio en CDMX y Estado de México.","https://wa.me/525568578613?text=SW-%20Hola%2C%20quiero%20m%C3%A1s%20informaci%C3%B3n%20sobre%20tapicer%C3%ADa%20de%20salas%20en%20Nicol%C3%A1s%20Romero%2C%20%C2%BFme%20pueden%20compartir%20informaci%C3%B3n%20y%20cotizaci%C3%B3n%3F","https://www.tapiceriavelvet.com/tapiceria-de-salas-en-ciudad-satelite","5a6cacce-ee40-4244-9912-129f9ef1220b",2026-04-15T20:06:20Z,2026-04-15T20:14:03Z,"45119e62-fb47-42df-8e3f-62a36597ee45"
"Tapicería de salas en Roma Sur","tapiceria-de-salas-en-roma-sur","Roma Sur","Transformamos tu sala con tapicería en Roma Sur, materiales de calidad y asesoría profesional para renovar tu espacio con estilo y armonía.","Tapicería de Salas en Roma Sur | Tapicero a Domicilio | Tapicería Velvet","Descubre la mejor tapicería de salas en Roma Sur. Tapizado de salas, tapicería de muebles y tapicero a domicilio en CDMX y Estado de México.","https://wa.me/525568578613?text=SW-%20Hola%2C%20quiero%20m%C3%A1s%20informaci%C3%B3n%20sobre%20tapicer%C3%ADa%20de%20salas%20en%20Roma%20Sur%2C%20%C2%BFme%20pueden%20compartir%20informaci%C3%B3n%20y%20cotizaci%C3%B3n%3F","https://www.tapiceriavelvet.com/tapiceria-de-salas-en-anzures","5ced7474-c79e-4229-a23d-4b360efd67d6",2026-04-15T20:06:20Z,2026-04-15T20:14:03Z,"45119e62-fb47-42df-8e3f-62a36597ee45"
"Tapicería de salas en Zona Esmeralda","tapiceria-de-salas-en-zona-esmeralda","Zona Esmeralda","Transformamos tu sala con tapicería en Zona Esmeralda, materiales de calidad y asesoría profesional para renovar tu espacio con estilo y armonía.","Tapicería de Salas en Zona Esmeralda | Tapicero a Domicilio | Tapicería Velvet","Descubre la mejor tapicería de salas en Zona Esmeralda. Tapizado de salas, tapicería de muebles y tapicero a domicilio en CDMX y Estado de México.","https://wa.me/525568578613?text=SW-%20Hola%2C%20quiero%20m%C3%A1s%20informaci%C3%B3n%20sobre%20tapicer%C3%ADa%20de%20salas%20en%20Zona%20Esmeralda%2C%20%C2%BFme%20pueden%20compartir%20informaci%C3%B3n%20y%20cotizaci%C3%B3n%3F",,"62707c82-f486-41bc-bd82-168fddbce48f",2026-04-15T20:06:20Z,2026-04-15T20:14:03Z,"45119e62-fb47-42df-8e3f-62a36597ee45"
"Tapicería de salas en Milpa Alta","tapiceria-de-salas-en-milpa-alta","Milpa Alta","Transformamos tu sala con tapicería en Milpa Alta, materiales de calidad y asesoría profesional para renovar tu espacio con estilo y armonía.","Tapicería de Salas en Milpa Alta | Tapicero a Domicilio | Tapicería Velvet","Descubre la mejor tapicería de salas en Milpa Alta. Tapizado de salas, tapicería de muebles y tapicero a domicilio en CDMX y Estado de México.","https://wa.me/525568578613?text=SW-%20Hola%2C%20quiero%20m%C3%A1s%20informaci%C3%B3n%20sobre%20tapicer%C3%ADa%20de%20salas%20en%20Milpa%20Alta%2C%20%C2%BFme%20pueden%20compartir%20informaci%C3%B3n%20y%20cotizaci%C3%B3n%3F","https://www.tapiceriavelvet.com/tapiceria-de-salas-en-venustiano-carranza","641c5145-c185-444f-8fc4-604949a503e6",2026-04-15T20:06:20Z,2026-04-15T20:14:03Z,"45119e62-fb47-42df-8e3f-62a36597ee45"
"Tapicería de salas en Anzures","tapiceria-de-salas-en-anzures","Anzures","Transformamos tu sala con tapicería en Anzures, materiales de calidad y asesoría profesional para renovar tu espacio con estilo y armonía.","Tapicería de Salas en Anzures | Tapicero a Domicilio | Tapicería Velvet","Descubre la mejor tapicería de salas en Anzures. Tapizado de salas, tapicería de muebles y tapicero a domicilio en CDMX y Estado de México.","https://wa.me/525568578613?text=SW-%20Hola%2C%20quiero%20m%C3%A1s%20informaci%C3%B3n%20sobre%20tapicer%C3%ADa%20de%20salas%20en%20Anzures%2C%20%C2%BFme%20pueden%20compartir%20informaci%C3%B3n%20y%20cotizaci%C3%B3n%3F","https://www.tapiceriavelvet.com/tapiceria-de-salas-en-bosques-de-las-lomas","656d3313-6d53-405f-949b-47152da4842f",2026-04-15T20:06:20Z,2026-04-15T20:14:03Z,"45119e62-fb47-42df-8e3f-62a36597ee45"
"Tapicería de salas en Polanco","tapiceria-de-salas-en-polanco","Polanco","Transformamos tu sala con tapicería en Polanco, materiales de calidad y asesoría profesional para renovar tu espacio con estilo y armonía.","Tapicería de Salas en Polanco | Tapicero a Domicilio | Tapicería Velvet","Descubre la mejor tapicería de salas en Polanco. Tapizado de salas, tapicería de muebles y tapicero a domicilio en CDMX y Estado de México.","https://wa.me/525568578613?text=SW-%20Hola%2C%20quiero%20m%C3%A1s%20informaci%C3%B3n%20sobre%20tapicer%C3%ADa%20de%20salas%20en%20Polanco%2C%20%C2%BFme%20pueden%20compartir%20informaci%C3%B3n%20y%20cotizaci%C3%B3n%3F","https://www.tapiceriavelvet.com/tapiceria-de-salas-en-condesa","6f1724f9-15e3-4e78-af14-644a4f1a23b5",2026-04-15T20:06:20Z,2026-04-15T20:14:03Z,"45119e62-fb47-42df-8e3f-62a36597ee45"
"Tapicería de salas en Álvaro Obregón","tapiceria-de-salas-en-alvaro-obregon","Álvaro Obregón","Transformamos tu sala con tapicería en Álvaro Obregón, materiales de calidad y asesoría profesional para renovar tu espacio con estilo y armonía.","Tapicería de Salas en Álvaro Obregón | Tapicero a Domicilio | Tapicería Velvet","Descubre la mejor tapicería de salas en Álvaro Obregón. Tapizado de salas, tapicería de muebles y tapicero a domicilio en CDMX y Estado de México.","https://wa.me/525568578613?text=SW-%20Hola%2C%20quiero%20m%C3%A1s%20informaci%C3%B3n%20sobre%20tapicer%C3%ADa%20de%20salas%20en%20%C3%81lvaro%20Obreg%C3%B3n%2C%20%C2%BFme%20pueden%20compartir%20informaci%C3%B3n%20y%20cotizaci%C3%B3n%3F","https://www.tapiceriavelvet.com/tapiceria-de-salas-en-coyoacan","751ed5a2-25ea-4111-950b-5508ce11dba0",2026-04-15T20:06:20Z,2026-04-15T20:14:03Z,"45119e62-fb47-42df-8e3f-62a36597ee45"
"Tapicería de salas en Tlalnepantla de Baz","tapiceria-de-salas-en-tlalnepantla","Tlalnepantla de Baz","Transformamos tu sala con tapicería en Tlalnepantla de Baz, materiales de calidad y asesoría profesional para renovar tu espacio con estilo y armonía.","Tapicería de Salas en Tlalnepantla de Baz | Tapicero a Domicilio | Tapicería Velvet","Descubre la mejor tapicería de salas en Tlalnepantla de Baz. Tapizado de salas, tapicería de muebles y tapicero a domicilio en CDMX y Estado de México.","https://wa.me/525568578613?text=SW-%20Hola%2C%20quiero%20m%C3%A1s%20informaci%C3%B3n%20sobre%20tapicer%C3%ADa%20de%20salas%20en%20Tlalnepantla%20de%20Baz%2C%20%C2%BFme%20pueden%20compartir%20informaci%C3%B3n%20y%20cotizaci%C3%B3n%3F","https://www.tapiceriavelvet.com/tapiceria-de-salas-en-tepotzotlan","7a3223d7-1dbe-40ae-a5e9-13385132694b",2026-04-15T20:06:20Z,2026-04-15T20:14:03Z,"45119e62-fb47-42df-8e3f-62a36597ee45"
"Tapicería de salas en Isidro Fabela","tapiceria-de-salas-en-isidro-fabela","Isidro Fabela","Transformamos tu sala con tapicería en Isidro Fabela, materiales de calidad y asesoría profesional para renovar tu espacio con estilo y armonía.","Tapicería de Salas en Isidro Fabela | Tapicero a Domicilio | Tapicería Velvet","Descubre la mejor tapicería de salas en Isidro Fabela. Tapizado de salas, tapicería de muebles y tapicero a domicilio en CDMX y Estado de México.","https://wa.me/525568578613?text=SW-%20Hola%2C%20quiero%20m%C3%A1s%20informaci%C3%B3n%20sobre%20tapicer%C3%ADa%20de%20salas%20en%20Isidro%20Fabela%2C%20%C2%BFme%20pueden%20compartir%20informaci%C3%B3n%20y%20cotizaci%C3%B3n%3F","https://www.tapiceriavelvet.com/tapiceria-de-salas-en-lomas-verdes","807e34dc-466a-47ff-9e5b-89b3c6fcab5a",2026-04-15T20:06:20Z,2026-04-15T20:14:03Z,"45119e62-fb47-42df-8e3f-62a36597ee45"
"Tapicería de salas en Cuautitlán Izcalli","tapiceria-de-salas-en-cuautitlan-izcalli","Cuautitlán Izcalli","Transformamos tu sala con tapicería en Cuautitlán Izcalli, materiales de calidad y asesoría profesional para renovar tu espacio con estilo y armonía.","Tapicería de Salas en Cuautitlán Izcalli | Tapicero a Domicilio | Tapicería Velvet","Descubre la mejor tapicería de salas en Cuautitlán Izcalli. Tapizado de salas, tapicería de muebles y tapicero a domicilio en CDMX y Estado de México.","https://wa.me/525568578613?text=SW-%20Hola%2C%20quiero%20m%C3%A1s%20informaci%C3%B3n%20sobre%20tapicer%C3%ADa%20de%20salas%20en%20Cuautitl%C3%A1n%20Izcalli%2C%20%C2%BFme%20pueden%20compartir%20informaci%C3%B3n%20y%20cotizaci%C3%B3n%3F","https://www.tapiceriavelvet.com/tapiceria-de-salas-en-nicolas-romero","857ef0fa-9798-4a2c-bb6e-dc1738a3b809",2026-04-15T20:06:20Z,2026-04-15T20:14:03Z,"45119e62-fb47-42df-8e3f-62a36597ee45"
"Tapicería de salas en La Herradura","tapiceria-de-salas-en-la-herradura","La Herradura","Transformamos tu sala con tapicería en La Herradura, materiales de calidad y asesoría profesional para renovar tu espacio con estilo y armonía.","Tapicería de Salas en La Herradura | Tapicero a Domicilio | Tapicería Velvet","Descubre la mejor tapicería de salas en La Herradura. Tapizado de salas, tapicería de muebles y tapicero a domicilio en CDMX y Estado de México.","https://wa.me/525568578613?text=SW-%20Hola%2C%20quiero%20m%C3%A1s%20informaci%C3%B3n%20sobre%20tapicer%C3%ADa%20de%20salas%20en%20La%20Herradura%2C%20%C2%BFme%20pueden%20compartir%20informaci%C3%B3n%20y%20cotizaci%C3%B3n%3F","https://www.tapiceriavelvet.com/tapiceria-de-salas-en-arboledas","86344de9-09d6-4301-8997-07154e0c7d55",2026-04-15T20:06:20Z,2026-04-15T20:14:03Z,"45119e62-fb47-42df-8e3f-62a36597ee45"
"Tapicería de salas en San Ángel","tapiceria-de-salas-en-san-angel","San Ángel","Transformamos tu sala con tapicería en San Ángel, materiales de calidad y asesoría profesional para renovar tu espacio con estilo y armonía.","Tapicería de Salas en San Ángel | Tapicero a Domicilio | Tapicería Velvet","Descubre la mejor tapicería de salas en San Ángel. Tapizado de salas, tapicería de muebles y tapicero a domicilio en CDMX y Estado de México.","https://wa.me/525568578613?text=SW-%20Hola%2C%20quiero%20m%C3%A1s%20informaci%C3%B3n%20sobre%20tapicer%C3%ADa%20de%20salas%20en%20San%20%C3%81ngel%2C%20%C2%BFme%20pueden%20compartir%20informaci%C3%B3n%20y%20cotizaci%C3%B3n%3F","https://www.tapiceriavelvet.com/tapiceria-de-salas-en-huixquilucan","8d434468-0c88-4a45-8523-b0f19129339f",2026-04-15T20:06:20Z,2026-04-15T20:14:03Z,"45119e62-fb47-42df-8e3f-62a36597ee45"
"Tapicería de salas en Hipódromo Condesa","tapiceria-de-salas-en-hipodromo-condesa","Hipódromo Condesa","Transformamos tu sala con tapicería en Hipódromo Condesa, materiales de calidad y asesoría profesional para renovar tu espacio con estilo y armonía.","Tapicería de Salas en Hipódromo Condesa | Tapicero a Domicilio | Tapicería Velvet","Descubre la mejor tapicería de salas en Hipódromo Condesa. Tapizado de salas, tapicería de muebles y tapicero a domicilio en CDMX y Estado de México.","https://wa.me/525568578613?text=SW-%20Hola%2C%20quiero%20m%C3%A1s%20informaci%C3%B3n%20sobre%20tapicer%C3%ADa%20de%20salas%20en%20Hip%C3%B3dromo%20Condesa%2C%20%C2%BFme%20pueden%20compartir%20informaci%C3%B3n%20y%20cotizaci%C3%B3n%3F","https://www.tapiceriavelvet.com/tapiceria-de-salas-en-lomas-de-chapultepec","981e5356-d62a-4707-a61e-210354a9ba46",2026-04-15T20:06:20Z,2026-04-15T20:14:03Z,"45119e62-fb47-42df-8e3f-62a36597ee45"
"Tapicería de salas en Bosque Real","tapiceria-de-salas-en-bosque-real","Bosque Real","Transformamos tu sala con tapicería en Bosque Real, materiales de calidad y asesoría profesional para renovar tu espacio con estilo y armonía.","Tapicería de Salas en Bosque Real | Tapicero a Domicilio | Tapicería Velvet","Descubre la mejor tapicería de salas en Bosque Real. Tapizado de salas, tapicería de muebles y tapicero a domicilio en CDMX y Estado de México.","https://wa.me/525568578613?text=SW-%20Hola%2C%20quiero%20m%C3%A1s%20informaci%C3%B3n%20sobre%20tapicer%C3%ADa%20de%20salas%20en%20Bosque%20Real%2C%20%C2%BFme%20pueden%20compartir%20informaci%C3%B3n%20y%20cotizaci%C3%B3n%3F","https://www.tapiceriavelvet.com/tapiceria-de-salas-en-zona-esmeralda","a7ea1e0c-4d05-44ff-8f16-b737ecd5d909",2026-04-15T20:06:20Z,2026-04-15T20:14:03Z,"45119e62-fb47-42df-8e3f-62a36597ee45"
"Tapicería de salas en Iztapalapa","tapiceria-de-salas-en-iztapalapa","Iztapalapa","Transformamos tu sala con tapicería en Iztapalapa, materiales de calidad y asesoría profesional para renovar tu espacio con estilo y armonía.","Tapicería de Salas en Iztapalapa | Tapicero a Domicilio | Tapicería Velvet","Descubre la mejor tapicería de salas en Iztapalapa. Tapizado de salas, tapicería de muebles y tapicero a domicilio en CDMX y Estado de México.","https://wa.me/525568578613?text=SW-%20Hola%2C%20quiero%20m%C3%A1s%20informaci%C3%B3n%20sobre%20tapicer%C3%ADa%20de%20salas%20en%20Iztapalapa%2C%20%C2%BFme%20pueden%20compartir%20informaci%C3%B3n%20y%20cotizaci%C3%B3n%3F","https://www.tapiceriavelvet.com/tapiceria-de-salas-en-milpa-alta","a83ffc41-f757-463e-85dc-cc2967568aff",2026-04-15T20:06:20Z,2026-04-15T20:14:03Z,"45119e62-fb47-42df-8e3f-62a36597ee45"
"Tapicería de salas en Interlomas","tapiceria-de-salas-en-interlomas","Interlomas","Transformamos tu sala con tapicería en Interlomas, materiales de calidad y asesoría profesional para renovar tu espacio con estilo y armonía.","Tapicería de Salas en Interlomas | Tapicero a Domicilio | Tapicería Velvet","Descubre la mejor tapicería de salas en Interlomas. Tapizado de salas, tapicería de muebles y tapicero a domicilio en CDMX y Estado de México.","https://wa.me/525568578613?text=SW-%20Hola%2C%20quiero%20m%C3%A1s%20informaci%C3%B3n%20sobre%20tapicer%C3%ADa%20de%20salas%20en%20Interlomas%2C%20%C2%BFme%20pueden%20compartir%20informaci%C3%B3n%20y%20cotizaci%C3%B3n%3F","https://www.tapiceriavelvet.com/tapiceria-de-salas-en-bosque-real","aec9ec34-2891-4dd4-94df-4fe28692d67b",2026-04-15T20:06:20Z,2026-04-15T20:14:03Z,"45119e62-fb47-42df-8e3f-62a36597ee45"
"Tapicería de salas en Coyoacán","tapiceria-de-salas-en-coyoacan","Coyoacán","Transformamos tu sala con tapicería en Coyoacán, materiales de calidad y asesoría profesional para renovar tu espacio con estilo y armonía.","Tapicería de Salas en Coyoacán | Tapicero a Domicilio | Tapicería Velvet","Descubre la mejor tapicería de salas en Coyoacán. Tapizado de salas, tapicería de muebles y tapicero a domicilio en CDMX y Estado de México.","https://wa.me/525568578613?text=SW-%20Hola%2C%20quiero%20m%C3%A1s%20informaci%C3%B3n%20sobre%20tapicer%C3%ADa%20de%20salas%20en%20Coyoac%C3%A1n%2C%20%C2%BFme%20pueden%20compartir%20informaci%C3%B3n%20y%20cotizaci%C3%B3n%3F","https://www.tapiceriavelvet.com/tapiceria-de-salas-en-gustavo-a-madero","b398d91b-746c-4c60-adb0-24458388b09c",2026-04-15T20:06:20Z,2026-04-15T20:14:03Z,"45119e62-fb47-42df-8e3f-62a36597ee45"
"Tapicería de salas en Naucalpan de Juárez","tapiceria-de-salas-en-naucalpan","Naucalpan de Juárez","Transformamos tu sala con tapicería en Naucalpan de Juárez, materiales de calidad y asesoría profesional para renovar tu espacio con estilo y armonía.","Tapicería de Salas en Naucalpan de Juárez | Tapicero a Domicilio | Tapicería Velvet","Descubre la mejor tapicería de salas en Naucalpan de Juárez. Tapizado de salas, tapicería de muebles y tapicero a domicilio en CDMX y Estado de México.","https://wa.me/525568578613?text=SW-%20Hola%2C%20quiero%20m%C3%A1s%20informaci%C3%B3n%20sobre%20tapicer%C3%ADa%20de%20salas%20en%20Naucalpan%20de%20Ju%C3%A1rez%2C%20%C2%BFme%20pueden%20compartir%20informaci%C3%B3n%20y%20cotizaci%C3%B3n%3F","https://www.tapiceriavelvet.com/tapiceria-de-salas-en-cuautitlan-izcalli","b556efb3-8515-4add-a79c-cd90eb3c6b0b",2026-04-15T20:06:20Z,2026-04-15T20:14:03Z,"45119e62-fb47-42df-8e3f-62a36597ee45"
"Tapicería de salas en Cuauhtémoc","tapiceria-de-salas-en-cuauhtemoc","Cuauhtémoc","Transformamos tu sala con tapicería en Cuauhtémoc, materiales de calidad y asesoría profesional para renovar tu espacio con estilo y armonía.","Tapicería de Salas en Cuauhtémoc | Tapicero a Domicilio | Tapicería Velvet","Descubre la mejor tapicería de salas en Cuauhtémoc. Tapizado de salas, tapicería de muebles y tapicero a domicilio en CDMX y Estado de México.","https://wa.me/525568578613?text=SW-%20Hola%2C%20quiero%20m%C3%A1s%20informaci%C3%B3n%20sobre%20tapicer%C3%ADa%20de%20salas%20en%20Cuauht%C3%A9moc%2C%20%C2%BFme%20pueden%20compartir%20informaci%C3%B3n%20y%20cotizaci%C3%B3n%3F","https://www.tapiceriavelvet.com/tapiceria-de-salas-en-iztapalapa","b8ca6fd5-a60b-4b37-9dd1-19bc6e147f52",2026-04-15T20:06:20Z,2026-04-15T20:14:03Z,"45119e62-fb47-42df-8e3f-62a36597ee45"
"Tapicería de salas en Tepotzotlán","tapiceria-de-salas-en-tepotzotlan","Tepotzotlán","Transformamos tu sala con tapicería en Tepotzotlán, materiales de calidad y asesoría profesional para renovar tu espacio con estilo y armonía.","Tapicería de Salas en Tepotzotlán | Tapicero a Domicilio | Tapicería Velvet","Descubre la mejor tapicería de salas en Tepotzotlán. Tapizado de salas, tapicería de muebles y tapicero a domicilio en CDMX y Estado de México.","https://wa.me/525568578613?text=SW-%20Hola%2C%20quiero%20m%C3%A1s%20informaci%C3%B3n%20sobre%20tapicer%C3%ADa%20de%20salas%20en%20Tepotzotl%C3%A1n%2C%20%C2%BFme%20pueden%20compartir%20informaci%C3%B3n%20y%20cotizaci%C3%B3n%3F","https://www.tapiceriavelvet.com/tapiceria-de-salas-en-jilotzingo","bb065a4a-293b-4310-a31e-2fc65c961233",2026-04-15T20:06:20Z,2026-04-15T20:14:03Z,"45119e62-fb47-42df-8e3f-62a36597ee45"
"Tapicería de salas en Nápoles","tapiceria-de-salas-en-napoles","Nápoles","Transformamos tu sala con tapicería en Nápoles, materiales de calidad y asesoría profesional para renovar tu espacio con estilo y armonía.","Tapicería de Salas en Nápoles | Tapicero a Domicilio | Tapicería Velvet","Descubre la mejor tapicería de salas en Nápoles. Tapizado de salas, tapicería de muebles y tapicero a domicilio en CDMX y Estado de México.","https://wa.me/525568578613?text=SW-%20Hola%2C%20quiero%20m%C3%A1s%20informaci%C3%B3n%20sobre%20tapicer%C3%ADa%20de%20salas%20en%20N%C3%A1poles%2C%20%C2%BFme%20pueden%20compartir%20informaci%C3%B3n%20y%20cotizaci%C3%B3n%3F","https://www.tapiceriavelvet.com/tapiceria-de-salas-en-jardines-del-pedregal","bc2e18bf-e509-4132-a3c9-b999616bcd60",2026-04-15T20:06:20Z,2026-04-15T20:14:03Z,"45119e62-fb47-42df-8e3f-62a36597ee45"
"Tapicería de salas en Tecamachalco","tapiceria-de-salas-en-tecamachalco","Tecamachalco","Transformamos tu sala con tapicería en Tecamachalco, materiales de calidad y asesoría profesional para renovar tu espacio con estilo y armonía.","Tapicería de Salas en Tecamachalco | Tapicero a Domicilio | Tapicería Velvet","Descubre la mejor tapicería de salas en Tecamachalco. Tapizado de salas, tapicería de muebles y tapicero a domicilio en CDMX y Estado de México.","https://wa.me/525568578613?text=SW-%20Hola%2C%20quiero%20m%C3%A1s%20informaci%C3%B3n%20sobre%20tapicer%C3%ADa%20de%20salas%20en%20Tecamachalco%2C%20%C2%BFme%20pueden%20compartir%20informaci%C3%B3n%20y%20cotizaci%C3%B3n%3F","https://www.tapiceriavelvet.com/tapiceria-de-salas-en-valle-dorado","beb8fac3-e399-471d-ad0b-d5bd21f7a440",2026-04-15T20:06:20Z,2026-04-15T20:14:03Z,"45119e62-fb47-42df-8e3f-62a36597ee45"
"Tapicería de salas en Venustiano Carranza","tapiceria-de-salas-en-venustiano-carranza","Venustiano Carranza","Transformamos tu sala con tapicería en Venustiano Carranza, materiales de calidad y asesoría profesional para renovar tu espacio con estilo y armonía.","Tapicería de Salas en Venustiano Carranza | Tapicero a Domicilio | Tapicería Velvet","Descubre la mejor tapicería de salas en Venustiano Carranza. Tapizado de salas, tapicería de muebles y tapicero a domicilio en CDMX y Estado de México.","https://wa.me/525568578613?text=SW-%20Hola%2C%20quiero%20m%C3%A1s%20informaci%C3%B3n%20sobre%20tapicer%C3%ADa%20de%20salas%20en%20Venustiano%20Carranza%2C%20%C2%BFme%20pueden%20compartir%20informaci%C3%B3n%20y%20cotizaci%C3%B3n%3F","https://www.tapiceriavelvet.com/tapiceria-de-salas-en-roma-norte","c2a6dbb0-ee55-4d5f-ae4d-a7542b41d7e4",2026-04-15T20:06:20Z,2026-04-15T20:14:03Z,"45119e62-fb47-42df-8e3f-62a36597ee45"
"Tapicería de salas en Club de Golf Hacienda","tapiceria-de-salas-en-club-de-golf-hacienda","Club de Golf Hacienda","Transformamos tu sala con tapicería en Club de Golf Hacienda, materiales de calidad y asesoría profesional para renovar tu espacio con estilo y armonía.","Tapicería de Salas en Club de Golf Hacienda | Tapicero a Domicilio | Tapicería Velvet","Descubre la mejor tapicería de salas en Club de Golf Hacienda. Tapizado de salas, tapicería de muebles y tapicero a domicilio en CDMX y Estado de México.","https://wa.me/525568578613?text=SW-%20Hola%2C%20quiero%20m%C3%A1s%20informaci%C3%B3n%20sobre%20tapicer%C3%ADa%20de%20salas%20en%20Club%20de%20Golf%20Hacienda%2C%20%C2%BFme%20pueden%20compartir%20informaci%C3%B3n%20y%20cotizaci%C3%B3n%3F",,"c4ae556c-dd80-4b28-a592-0bf0660b985e",2026-04-15T20:06:20Z,2026-04-15T20:12:06Z,"45119e62-fb47-42df-8e3f-62a36597ee45"
"La mejor tapicería de salas en Huixquilucan","la-mejor-tapiceria-de-salas-en-huixquilucan","Huixquilucan","Transformamos tu sala con diseño, materiales de calidad y asesoría profesional para renovar tu espacio con estilo y armonía en Sonora.","Tapicería de Salas en Huixquilucan | Tapicero a Domicilio CDMX","¿Buscas tapicería de salas en Huixquilucan? En Velvet Tapicería ofrecemos tapizado de salas, tapicería de muebles y tapicero a domicilio en CDMX y Estado de México.","https://wa.me/525568578613?text=SW2-%20Hola%2C%20quiero%20m%C3%A1s%20informaci%C3%B3n%20sobre%20tapicer%C3%ADa%20de%20salas%20en%20Huixquilucan%2C%20%C2%BFme%20pueden%20compartir%20informaci%C3%B3n%20y%20cotizaci%C3%B3n%3F","https://www.tapiceriavelvet.com/tapiceria-de-salas-en-benito-juarez","c4ae84e6-31cc-4011-84ed-7beb930b2817",2026-04-08T02:14:09Z,2026-04-15T20:14:03Z,"69fcc116-239a-4a02-9d94-8cc5b6914ded"
"Tapicería de salas en La Magdalena Contreras","tapiceria-de-salas-en-magdalena-contreras","La Magdalena Contreras","Transformamos tu sala con tapicería en La Magdalena Contreras, materiales de calidad y asesoría profesional para renovar tu espacio con estilo y armonía.","Tapicería de Salas en La Magdalena Contreras | Tapicero a Domicilio | Tapicería Velvet","Descubre la mejor tapicería de salas en La Magdalena Contreras. Tapizado de salas, tapicería de muebles y tapicero a domicilio en CDMX y Estado de México.","https://wa.me/525568578613?text=SW-%20Hola%2C%20quiero%20m%C3%A1s%20informaci%C3%B3n%20sobre%20tapicer%C3%ADa%20de%20salas%20en%20La%20Magdalena%20Contreras%2C%20%C2%BFme%20pueden%20compartir%20informaci%C3%B3n%20y%20cotizaci%C3%B3n%3F","https://www.tapiceriavelvet.com/tapiceria-de-salas-en-tlahuac","c85650fd-1d30-427a-9d86-47cd6c51d2eb",2026-04-15T20:06:20Z,2026-04-15T20:14:03Z,"45119e62-fb47-42df-8e3f-62a36597ee45"
"Tapicería de salas en Lomas Verdes","tapiceria-de-salas-en-lomas-verdes","Lomas Verdes","Transformamos tu sala con tapicería en Lomas Verdes, materiales de calidad y asesoría profesional para renovar tu espacio con estilo y armonía.","Tapicería de Salas en Lomas Verdes | Tapicero a Domicilio | Tapicería Velvet","Descubre la mejor tapicería de salas en Lomas Verdes. Tapizado de salas, tapicería de muebles y tapicero a domicilio en CDMX y Estado de México.","https://wa.me/525568578613?text=SW-%20Hola%2C%20quiero%20m%C3%A1s%20informaci%C3%B3n%20sobre%20tapicer%C3%ADa%20de%20salas%20en%20Lomas%20Verdes%2C%20%C2%BFme%20pueden%20compartir%20informaci%C3%B3n%20y%20cotizaci%C3%B3n%3F","https://www.tapiceriavelvet.com/tapiceria-de-salas-en-la-herradura","e0583bc1-5ad5-4282-8b76-6805496e91f6",2026-04-15T20:06:20Z,2026-04-15T20:14:03Z,"45119e62-fb47-42df-8e3f-62a36597ee45"
"Tapicería de salas en Jilotzingo","tapiceria-de-salas-en-jilotzingo","Jilotzingo","Transformamos tu sala con tapicería en Jilotzingo, materiales de calidad y asesoría profesional para renovar tu espacio con estilo y armonía.","Tapicería de Salas en Jilotzingo | Tapicero a Domicilio | Tapicería Velvet","Descubre la mejor tapicería de salas en Jilotzingo. Tapizado de salas, tapicería de muebles y tapicero a domicilio en CDMX y Estado de México.","https://wa.me/525568578613?text=SW-%20Hola%2C%20quiero%20m%C3%A1s%20informaci%C3%B3n%20sobre%20tapicer%C3%ADa%20de%20salas%20en%20Jilotzingo%2C%20%C2%BFme%20pueden%20compartir%20informaci%C3%B3n%20y%20cotizaci%C3%B3n%3F","https://www.tapiceriavelvet.com/tapiceria-de-salas-en-interlomas","e2a146bd-5656-49b8-ab6e-45418173a4b1",2026-04-15T20:06:20Z,2026-04-15T20:14:03Z,"45119e62-fb47-42df-8e3f-62a36597ee45"
"Tapicería de salas en Huixquilucan","tapiceria-de-salas-en-huixquilucan","Huixquilucan","Transformamos tu sala con tapicería en Huixquilucan, materiales de calidad y asesoría profesional para renovar tu espacio con estilo y armonía.","Tapicería de Salas en Huixquilucan | Tapicero a Domicilio | Tapicería Velvet","Descubre la mejor tapicería de salas en Huixquilucan. Tapizado de salas, tapicería de muebles y tapicero a domicilio en CDMX y Estado de México.","https://wa.me/525568578613?text=SW-%20Hola%2C%20quiero%20m%C3%A1s%20informaci%C3%B3n%20sobre%20tapicer%C3%ADa%20de%20salas%20en%20Huixquilucan%2C%20%C2%BFme%20pueden%20compartir%20informaci%C3%B3n%20y%20cotizaci%C3%B3n%3F","https://www.tapiceriavelvet.com/tapiceria-de-salas-en-tlalnepantla","f2cd0455-544f-4558-8592-682920a25f07",2026-04-15T20:06:20Z,2026-04-15T20:14:03Z,"45119e62-fb47-42df-8e3f-62a36597ee45"
"Tapicería de salas en Bosques de las Lomas","tapiceria-de-salas-en-bosques-de-las-lomas","Bosques de las Lomas","Transformamos tu sala con tapicería en Bosques de las Lomas, materiales de calidad y asesoría profesional para renovar tu espacio con estilo y armonía.","Tapicería de Salas en Bosques de las Lomas | Tapicero a Domicilio | Tapicería Velvet","Descubre la mejor tapicería de salas en Bosques de las Lomas. Tapizado de salas, tapicería de muebles y tapicero a domicilio en CDMX y Estado de México.","https://wa.me/525568578613?text=SW-%20Hola%2C%20quiero%20m%C3%A1s%20informaci%C3%B3n%20sobre%20tapicer%C3%ADa%20de%20salas%20en%20Bosques%20de%20las%20Lomas%2C%20%C2%BFme%20pueden%20compartir%20informaci%C3%B3n%20y%20cotizaci%C3%B3n%3F","https://www.tapiceriavelvet.com/tapiceria-de-salas-en-napoles","f5489706-ad56-416e-ad7d-08cbd33bfee3",2026-04-15T20:06:20Z,2026-04-15T20:14:03Z,"45119e62-fb47-42df-8e3f-62a36597ee45"
"Tapicería de salas en Azcapotzalco","tapiceria-de-salas-en-azcapotzalco","Azcapotzalco","Transformamos tu sala con tapicería en Azcapotzalco, materiales de calidad y asesoría profesional para renovar tu espacio con estilo y armonía.","Tapicería de Salas en Azcapotzalco | Tapicero a Domicilio | Tapicería Velvet","Descubre la mejor tapicería de salas en Azcapotzalco. Tapizado de salas, tapicería de muebles y tapicero a domicilio en CDMX y Estado de México.","https://wa.me/525568578613?text=SW-%20Hola%2C%20quiero%20m%C3%A1s%20informaci%C3%B3n%20sobre%20tapicer%C3%ADa%20de%20salas%20en%20Azcapotzalco%2C%20%C2%BFme%20pueden%20compartir%20informaci%C3%B3n%20y%20cotizaci%C3%B3n%3F","https://www.tapiceriavelvet.com/tapiceria-de-salas-en-cuajimalpa","f57fd2ff-4644-43c5-b256-026ea46d7e61",2026-04-15T20:06:20Z,2026-04-15T20:14:03Z,"45119e62-fb47-42df-8e3f-62a36597ee45"
"Tapicería de salas en Narvarte","tapiceria-de-salas-en-narvarte","Narvarte","Transformamos tu sala con tapicería en Narvarte, materiales de calidad y asesoría profesional para renovar tu espacio con estilo y armonía.","Tapicería de Salas en Narvarte | Tapicero a Domicilio | Tapicería Velvet","Descubre la mejor tapicería de salas en Narvarte. Tapizado de salas, tapicería de muebles y tapicero a domicilio en CDMX y Estado de México.","https://wa.me/525568578613?text=SW-%20Hola%2C%20quiero%20m%C3%A1s%20informaci%C3%B3n%20sobre%20tapicer%C3%ADa%20de%20salas%20en%20Narvarte%2C%20%C2%BFme%20pueden%20compartir%20informaci%C3%B3n%20y%20cotizaci%C3%B3n%3F","https://www.tapiceriavelvet.com/tapiceria-de-salas-en-pedregal","fc8143e8-f48a-487b-84dd-99cf145f6a19",2026-04-15T20:06:20Z,2026-04-15T20:14:03Z,"45119e62-fb47-42df-8e3f-62a36597ee45"
